cf58fbf483c85bee94bdd18ac1515e6eaf6b2165	261108ffec3e8b1842f8925f0899583039abdffa
aa2afda8d009ac1698b4ab44598bd33f137262ec	5c6b347ffa7438d0c70027a6e017d06962e51ebe
63b544f1ff14eb5d296362bd669914423a8b0c2e	7a960e8ae6af193b57c7dc969f888045ea65de00
224e8ca47e293382f33e75709f0dbcaf4ec1f8d5	242b0021fceffff53639e2a8730fd972f15bd58f
30977a5073c63d485ec2244e8266e6c6e09c82ac	dc6988eb545539478431a95414476761ee1e0c78
22c51bfb441f3b40cb62ff76e9f1323c7266f6d1	98a68590f00cc8a0eea73fb61a9ff861b5907779
850fe5ed6332a7437b85c64ae411eaa2843f1a91	b94d0f740dfafc479a3856a2eca376cc81b81bec
d3b570dbc0ac92fec70095dfd57f4b06c236084f	b16bf81585331bb4b04d7b306c7751895767270d
2aee041e2f10caf90aefec7b7365726ddcc5c7ce	c1bf858721e45727867bfec865cf9ab84adf1346
782a6cb75bf643843ae595953c22bba1edef6abc	5df403e1582bca770fcb1a2f2ac0424bfd01625f
d25850ca8682adeda3f73a3f9a7a77fe92933b25	c9b2a03b4912c57fa05999e46b0201c11878843f
ff7de8604b2fcdb0ac5898f4d001be0f7c63f608	58b043367dcd02cee2846a79eb4bee739c1c87ba
1b2bf43b348b60da54c2a70399193cf8da4e888d	db0b83391f9f6bebcfdd1dc331d2a9abf7c47a1c
f3649741ed815ba2ee73b8e4e85a261994ef9122	9a63228020d8c58b9a0af8275a5895d531ff67df
383f1e77d93a62a352cd61e6073adfca7d6715f6	cf356b312c2827c7e06172cb87fec3fa7d68d555
61947683b09a8ba3413c789c32480d503cdb720f	0b86244fb3f311c3a34756bdbc4eab0ae8354215
99d86405f7f54b62fa6916d67c7e53264ca4eda5	aee0fd9ca50e4dd13ac9e3853a1af4288511632d
b0883ca93588da473717f7f7877ecdc850109667	bc4e717bbd5d63fa2846ac686fae3e637b9eab28
fb07e657294581da166b83da61626718996e8e91	f91339f97a16f8c0b660431be00b51311bdfd751
afb04df018d2982a0fe68bcf958c0d7b4f1ec617	1b3579284677c619fea33107f91e1f20d99747fd
475f9d8841ad9e7b819066bb25d896c7ff9b3fd2	d3274fc990455dfac8b71b4b62145f25f7317af6
099e7b4739f5c25e22273f9b124389e59c2e479b	44a51f18404913c1f474755a4bf9275f1a044d5a
91b9eb741c7634e8f5db1665366f2e4f70c385f5	81148a0441ab3ee37b37654f82f920c352069211
6ce40924cd6806e4546d28bba84bf39c049eb4c2	83db37af7383e00d73837ba589ea1ea84a467da2
3834888cbf003e77795b717bbcb2173ed8712c67	013d8d1aca44e7f517c1ca5c1874cbcee5bcc836
13caff23511a23d063fe477df112b5bcc72dd3e3	478823ac8f4ba884d4df94c2242168c267b2623d
2e793d842ec6f87c4892ea848991e83346981cd0	27c8341c07e6ab75e5d77d977b8ab2e6adad2705
3671f6a093b938d4ee959f23a7b86c2866789e18	84b40b18a52637aabb455957cd9957c1284a78d3
62266d989962fdfb5179e3514e6663fbcdbd42e8	36e87185e01e15e5e9d63dbee4a895a04b51c188
8cb858699f385c827a0362575af20cfdb01793af	93af4a257db3b88a6b3b61af802ee384186a0ab3
be083c91e733141be01eb07d2b24fc94b2117a65	ffec30cb90dd16a05a37f9ce01d681fb98d1bd80
39559a0b1e2614fa73914c04890000023b0e987e	b6f847e1acd7b7bc6dc8093683f779078469fb6e
6be7d0dab493b85bb78500fa575b7436ea6cfae6	212438f80d933eb0d6d3245d9592c7cf4963883d
d676d3bb7c2e22d7dcee7c30f7b23347588a1c91	8c86b44243dfcab2521850289993fbb68190d72b
a4fd6418ab7f5fbc7db3892ab14c86ea13328d7b	bae188d88755218a2fae9a8507dc2e144e2006b8
54d9a2630f629cc5edabd056f5a871b65534001d	fe2a74e6eda732060de7b90b3e4b274a44db20c9
59479d15e130daec4b0261058dce8a7785665b7c	a3deadfa8473ad39b2c218ed3341a53253a6f2b8
ebe6d56c6057ea92dd22d0c57e708958e60f89fe	e1361bf3c41b9ced8c5d0f45a59b7f435f87eb28
2adb6f10059b134b33dc3facc4f6f71e589c922b	4a20bc7cd7130c59913f463df67a99f25b5b0437
34ae3bb8e899e325ad105bc7320a404394b58e07	ea629c3dd97828771d14f55629e9d9788431888f
95fbf0221868412879f4412e0e364c38930bd7a0	774dbba1a222ca9f04671746638d610ac2260f06
6b2e5b99de0d470f7459de640c2af4198212d044	993a1ad45be10249b2e7f7298091fc82606067ca
665fe0283184e079e7d7da2cdb0ebfe0c6b8580e	45cbb0da74c29a74ee12e493dc6ebd44a425bd61
ae4af28abb9458a3951c0167c3566780fa5b1f71	b4acb5f728d124b64b1c4c758bfbd865e90b7fed
9e7acf1e9089a34bdf31f09a9fb2763d129d58e5	d8f8f64859a5df1abd1d27632374a6d8536a1f49
8eb4168ea51e60526db911b2694ad433286e214d	b46e27597ef36612a577a2d453ec8b8ab18c1c1e
b7c8648cf386da4b5ffd0b231110e181a4dbbc08	429e33c1c27941436c21fc06162b995c0c17fc94
fc436be5ec3af01c82fbaa78959cbdafa80763d2	e81b946f4a2283fa2f7d8f5001549170b9a5c3e4
87e2812acaabd98fbf3f6a9d9c98b92bc171fb13	2e84dfd47f6b469994aa841a58f5a2b786c3265e
00161e935065b6f4cf53c2e38d863333f4276a74	feb3b2acf249a8d39e425d156cb3c96d567cb43d
1e42b12c07252858d59713f87ff0e04ee24cafaf	1026b5a663791520a557943c9e320d2382aebdeb
0a9d40d892983eeca07f414f78770e7cac07a933	6aa749963f3b319a8236f8a56339b476e80e0d2f
ab75cc79c339e758f8e3565fe2ebf4c4f4dd86bb	b1cc1e3ab11cc96fa3e42dd2c725482110b3aba5
4d4d0f14f2b52b3ebc220ac26e8d81d0e5e2c0f3	10ceca034d9987b4ae7d9a0f702746736ec73035
20d2ee303d961d1b7948e5b69fa7ef6880228cd1	1765318e82b65fb050b2351be2604cff3f010817
a6c8e5c2ad4ddf2672da0fb0567143c935de76fe	8190d103e56bd6efd6355d4a6fdfa07a8a39eb50
9fc523e57db0eed45a2137e009a3e54f50e41183	0abeeb708bf1cc15389003b7e3e6fc2c46d5590b
185955ebc4a5cac3a5a9ae3204b6acecf2dfb567	38da2a7ecb76b5a753c5d68b44062a13d48d5f42
463b53d005d3633d5f7971870643328f739a92ed	160ea21291c2414d4d9b721e74c552003a54b2da
ef4c2c99fdb3825f9e73fafa1db16fea1ec912d6	cf0ffa748880d3aa4aad6e65e64c13d9f85e1b19
5f9228473d3212cbea8eb50677cf4985a2b5a222	1b21dd76fae6c16a5569c4a6797135b24eeb8fd5
7e36065309737bd5c2831e5d5f70c3d1197fc7cc	1da2cff9053d824592d0e5b9301830c418246ec0
3e1cf8c390311d28a3292ef709b1aad07ea1b09a	9b94a034d6ce979558f50acc7b21e5edec31d684
e167b3a3fd8f299db527fda28b7b41e82c344443	b44f0c9fa24bfc19f479970156007358804b735c
6558e58d096a459089c18ed4ae62968ca1bcae83	ed395a701ac76fdd2193853eab2ddca03ee83396
b5d310cd2d77890c5d8ea8374d87c82d38ceb382	6d12f3e1de2750c81851a61eb482cbe9567595f5
389ded6ad80768aeb09a7547147a3b6eac5d2e65	47e46663a5e67904240c987a331d80e19c04c25a
51ae45d3e512490e8ce93ce003c17b40d645e636	30496aa826e0f89ce36fb38428e4db4109810b0c
03b0d317181d3cc0da6486c1471eeab8963bca44	4f0b12fd0a75360abdf03b54c4016891821f0534
800aa40c083f892a597a101f6a8adc36ca9b88d2	e53cf655cf09c72c312ec7b7cc57eff4b2769281
6d043d60e35e0520b63e3b58e26ec564092fedb6	c739c37fe86fa68014e0cde45d82508111f3db86
c5fbf7b3a843104dd5d65ad2ed23fe6c26dde599	90f0fdaf992a460ec422a1b419044ed04886e6ee
15daf4d97b58c62e9d96b42ab090b97aac84d05f	2d4042bb17570d9e1ec67744bd83198b3bf8c8d4
7f2bffa092b03ba043fd1a90d0784fa5f3a1ab0b	4d411e1ff54ebcefe64859a1d0326f2bc56f82a9
b78192fe24532355135a385d4e024157b1e8e8b8	fd2a0f871158ab32ef283116c93d2c438557294f
90acd3f7bdbc50e655c9fda16deca642b9cc5bd1	c456f539d52c841c57e003dbba1429c3ecbd894a
505cca04d89be0857f59bd00ef70440d535e673b	28d8678f12e09737c15367009f2f6ec752102f45
a12ba48fb841027130666a988577a4224b2735db	8067535ea23cb9a001b72bd46c656d8871a15a27
78f36fd17a58884d8ded1243164caeae2d80c3a3	9807b07e2decf2c25d76f5ffa1105fd0847dd52a
7110ea456609e7444e10a25a434fb67c5c88bb6e	e8008bd35c3e5c3564a001f02335ae9b17b47076
01baf84c4867310cbdd26c80a9e579f1a467134b	6541055e1bc87a9cb82785eecf4bcfd9d8f5357e
db0b32520cff6ecc10c1dcd5550d5eeee907bcba	66f2d6057aad4928eb2f7bdde6d492f16015afc2
1ee1bb44d31fcfa78e2517eb6c3547519fad5109	3a09080ae1ab1ea619a557dfe3d4b130dc1c01d8
3a50157521feceb27aebcfdc2cf2129074dfc0fa	17ea292d2453d8302eff45c59923b2e2d957063a
333e954226407082588cf71c3388918c1949a578	f505ce28f23946b59a7fd4888c6d3283daf3b59e
38d1108c5a7c8bc59a146a601ee991f369421693	1220bfd75847e09aca70f746e2ff4dc7cbf1161a
354a5e789a65be630292e5e97799d9e1332905a8	81612ece4c90ea997c1e7e26628199e83fb57957
e93a46828bac22685c1e7ea32de37f9e26f2f4b1	d64b5120ad34baac0e3405330dc0118e76d9b64c
570ded96e24ee160cb9682f5999fb00d808f9465	584c260b523bf39e494041b420576303f7527fc7
84385fcbb2c5934560e3943fd87ef053680ff6e8	53a48422ee163437b0e4898ee0045747507a9d35
c35b0d87ada293492287a1d2885b605a1030803b	3281a7fb8650c559691a18aeb3e815b90f9397cc
860f24250c0e2db9d619c9365e7a0f2cc5dd8de1	635cb4201e847332def14f41fe4215be55c85f0a
fa6a14c6a634378e50fa4ec7d0cc57d471fe1526	19be07c998eadd91ee235c1a30352869d02b2ad0
6a2ebeacd1188d3d5ad768e4dfd30a7418eccb64	98c7b8eba1bfd87d599370340a167ee21f4062ce
f483e217ad51f068fda1acbec4e2491a993060ee	4af8f9d3bcbb4e15ec87fbb6b521533489fedb4e
fa4afbd434f5684212e778a3cefa9de872286963	13d609c9b48cfa87fa850fada7ff6abb7f9627c2
40d98ec7386ae5438dfed7ac2ab0aebfa2fee73d	b518808aeb77f8d5aeac17b67724f20b3b591aa9
16e9f33d20430bf36d5952d2e8742da1f1487970	312720198d266becf869e7d8ff304673498fd1c3
1f8c56006acb6678456a293cd36e108e21e6f70e	7a1fc2a12998e25ccd6718dbe9f59d4d29851077
198d12fc0e499e2fea64a405f358aa600f0b5a0f	3f472d8f956800e1790c2a819048d96a76700992
ae58915d122a04cc9b5a53de3214159cd72ccf16	2e2b2f6e11b2c8bb93ecda635a4a646d0d6ada95
4ea2a1a3c3703e2a3e1bec66825aac3a5d5e436d	0c062116ab7c4f798676dd5ae7635fe30a137cc3
b052f66e9118066f27b2cf3060fa8828dc34419e	3aca0b2faff9d1f87d136d269879346161285e7e
6b78ff85a9a0e9696cbeb99f862c00e8a517e69d	d3043175327a0d04b0d0d9a9e4705afdecb4c2e6
d6aed37291874f86b36b799654731c76721d06fc	c625bcdad9d389083233582ba9131cb386ebefdb
e826a130ba5bdd3fd8ff8b103909e1282c7f5c51	57af1f4a2b8833169998b22ba9afb6f46566cdba
9e06d34a6314c8ac1261954113b798cddf4e8dc5	1620cba920b8e7d008d0f542841bb996cdd74d16
0c769df5ba2cf60dcb26d4a13c9deed33497c3c8	0e8e0ee559db0fe697981a1de978c01e6d65b931
cd99403258f88632ba3dbfd6c8b1427a1d972942	e7495456e4fc091ffb309dada2df6b2487bdfb91
c658ed624ee93060b3731cb0f14a0d00ca0865bd	5b0e00c920e617b99e62183b340be6364b871ec9
f668a10f0a408f37c1256687c768c951017df838	873daa2e77ab971dce932ea055f1537387bc8ac0
f743578b1a9f9e71e833ae2db4ccafd4b7ae68fe	3c688f9d14a7d7b889b8fb151025857096206daa
a0f2f2143f4b39a7b2a0f562e67ef697bd5190db	a72602d67e98850f20baf107e818e9841cfd4ec7
cf7cee244ca8667b824bbf6451e87559ce0428d4	ed3e04c47988baf917c2c7e791a9a6c79fd2b6f3
9fb6a33f8c97be5d4e3d1218086fa6676e3e3c28	a0b642255bde191dabf1257c347f28ed0f638ced
aa1b2b5e64c6647d6c3a7c5feb57dff446507217	ae547fde8bc353faf60f79f5f9296aa68a31a72f
4ee94e4f5b6d8da37ec8f25e021ca81399824952	ac86987415b5cf76158792e9ce9b2e52f7063d03
6021672a3c8be5dbf1aac59074db5ac532e14fed	7991340db81a63742a4592fea6a6dfe652922857
8b2669d9c0dc01f3b0e4b988b8eaa0f4e6d10e06	c03da36e6a756e58ab4a80aa736503c63c3df55c
de26e2e5ceed37b6ecc7cb7112dcfdee1643278a	551c7a9d8c0df5952281fd09c4b23ce20c1a6103
cc5c688b3eaa92fb309e770a783306bf9462c38a	22021cd76e6104ebfa87b8800fdaeb62a07dec20
613a3e51f310f826d7fee9ac0ac4b61e5d134f6e	1c938e3cad0968f33c4d3c87bb039dbcedfe89c4
fd0a8334337a7a3faa71903e848ad7c3fc979196	0d45ded2b5bcaa26779a5ee750dce0c59f181fb0
0148e0e2d33dfe85b868b5ef80e0eb50c4fe815d	c2787227e57ae54e1ba4893326f4d144d9b05bb2
9fc2e9156443b7d915b31895784d9b3386b0f9f3	599781909bfe858c098eb12ab8109d36d4b324de
b14cae38d4ec8b10f62f9a05e0dc0ea2e633cc71	0255bc5f7c8b6820ba109cfc6c1fcfe019a6536e
61630e407d5894921723ca36a2ad715e0be3409f	ba77d5a573b990287a387705a2880391e47a9d1a
ccf08a1ae15857cfe870d7224bb6c096aed932d5	0c0bf7bfa4ff8d7ef48fe75d00483896a2b55e04
072dedabd262235ae77299fff3202d37d7013fe5	0affaa0f056d9e28a329fe23764b7ffebe1adbde
61155e14e7b22c40f86f525f5b4eaba69a6b3cfb	5fa173f0b28af294adc8dfe0e51c1740868af9dc
c4d4b6bc48f0a777f94358ec57999469f7277bc6	9d8b256f3577f68037674f97c701f43b7ecf85c0
865b875ca9e1d762ae4f26f82d4f29a35b760f3a	e6c3ccc773bac4eb1e6d3e7130f42aa99eed83d8
e3f538098906a847dcc95a45a0bc3862a0953a74	e2e7a9e0aa8f9b7a6df72210a90b0996cd7c736b
1323a3863b499da8cccf4889b4ff991932df7452	c095323ca5b78a1420272a64a471d66365c15240
9d69a05b9c8f74339034b719db1e370f97c4d1b2	663b7988d6d09e489da410436aabe3b7165aeaf1
0c927e33db6470fce580c917c6de7736682a690a	8efc669287bff4ca827d72ea08f0e582ca825e77
b2c10f10fea016ec1ff210006f2984a03958a03d	86833cb30a0580e0ca1c4b36cc09ed24795cd840
72281cfe2c2827bf6cfae0677eff064ad6d5c1c8	f4fbde0b9e8b7b40af7325c628478ffac509dd94
5315d7982af9534bcfd56b9729620804157cd72c	31381d745b8c19d541e1f7f43a991a57169f0221
48c3da8c78a664a73a39edb774dfac291acc2e52	a2ea222860b72469d3bc21bc303acaeee225ec53
a91023d838c1562ebce81c84e9475ade3d0d7781	ed1bbdac59ff588187e265e8d7de2b07919a683c
f461e84a795ab7600442c4ab99564433d47b110e	06a79c370c15c9f7a2165c3452c8881024a2dd73
0423bc439428e36d6152a10b5d3b11c1148057bf	44aac178ed0e799190c552b7ecc8aacd719d2c75
d34d1d5354deecea276fa8b25ae5f831af08bcfd	cd63293ecab00c6cbcd9d8f709ba8409ff09f18b
1d1b2a82de21dbbc4d3d714f6a351c9871eed6f2	8c00b0e1b58c425b30377cd017654b62690444d8
3749e671ae1b6c4724571c780e77afe7d6d3d876	83ebaf649942284826bbfd1ee09358545eeb87ea
89514f82b14a76c263443788fe7b41228bcbab92	716198b60bb0123a19232116519945199f77625d
520e3fafa47ab1775e38636c742740bf4968d3ce	a1f9ede74a047d1f004b4f8ad593d4de26ed37de
674b16883ff617860755548c0cf09b0c4319e88f	37abb2f43457660ef068857507a73fbfe68a9739
b53bfa05a60cd5e9505f7be8071973b2cd7794ce	96c4f69d6dea6d3abca67c01c516a451078359f8
7318612e5c1cf703a67e7e77e47503fe57b74c00	0527e05bbd40c08566799f8f8a619bf0dad83b12
a17484f111986283a844543585bbb6218effa3f9	c8ab3d6b87b516fbab529c05b88f20fd0464d890
e6f2e0dc1aedb3f2ee49c2b7d7e8f946d83858b8	fe979f8621f6400688803163dcd12e494f42254b
4aeb436a9d922e68ddd6659c8e01bfbf5b612113	7fe989994f08280ae6d38764ff771c80fc680379
c80fbaefbba82ac758cfad36c2b5c383a6be1d8f	6de6585767fa23cd0a73b234d01cce8ca03f3f62
cce571550726bffa82d982496f567a7a786ef7a6	2132aed1cf65e540145d46b1d763c4a493c3e3dd
7c331af47477338eed7120d4d96719f05a122acc	50b1b81e927297b8078dc7cb545a876568fd01bb
0d9b73cc88186aba186704516c0305a31c312d9f	71fa6c8ce3ddffb23e900fd8f348a530dcb2c4a2
0d6b330828a1946d6b03b16c74839b62a28a76f1	fc810d2a7f5070056b262d141746a27321d7f54b
da81583f136bcdae1d0fc963660f5881bb814dec	48d5f5702defbedcd091b8687d28d5257411c73b
49a8c9c9977678a63d27bdd9d0cc15f99d8da771	07bbeb345dcf73969333a32698ac1b7e164d813a
9b78c315ab75ad218e933604cb13a021eef3159a	726f434f343a4a68a406dcb0f53968f38898a7eb
8a2aea03274a147d39fa9dbd7fd946bb39b40c9b	e64e512c2811120d4beb5be0dd5457a813ec53d6
c1c3e8b5aac1e13139a950781ab6cb651723da0c	7801f924a7b12e01489a31be0d4e724064ec8d83
ad7d3631f48ff4dfd9feece3418143869f4863fb	06ce94bbc073a9b3ea225ea5d3c028b65155c02b
3d60fb0641b4e2d5ee452fd9cd19448dc2cc54d0	6bb18e69d0df3bb23eeb6d2ecc4ff60beb2088e1
133261b53f8241f17c31ea967ebd886c4138c2f2	0aea9530737b31227f30230c58fabf2b68e3c230
4eb1813e9512f2472f5b6a41130be3b35b93cecf	30f80da28c76da1f63dc9b0767e74c7ee54fb375
cb23dd3322bed2a411c7906e8d4547e955e45a6a	c8f51c88a676f536f0086831f068c57bc4727d27
6d3924c90ae63380e8f28d3ae24c6ec4b16f45e8	7cf4035fe801f5bfa76768a3444f0a13eb5f0c58
1a9703b41e0264ffe4057872fa761fa8355e404f	f564a5625525fd75ecebd7388b95c8b58f751b65
0a997a6857c55ee0c6bf64264756f2dea6af7339	2a3182a6f811ed4d83c87bdb1b03aeaffe7d187e
9b2f81158654d8edf294fc9586f46982838ab9d4	d2fa45c3bb63f0c43a3e147c0fc605910532889e
d939b6e448f695c069eed5fbff5375ef6b92f0e1	2fba9c44871dbc2e072fb4c985ec58169d98b09f
89750f0e79f20028d8dbe2664f42e7a67183107f	4bc93d6339ea465d354e293bacded32f739cc12f
f3ecc120f2f13f5da2391778f223e13e54983254	9889b24b58286678202c5b1b369e017d232a1a23
18281445d51774b3487b787611fc9a4863cfd058	1b6537ddeb4dbe1a64f9b33d430daf760ad742e4
85e456f7564a87ba5ed3e32c8d37ae540b6cd59b	4dd687fd650a94bf99b6673c4a4c6260a9548bf9
8bcbc90f1848355b3ba5e07a3f8f698545a845a2	6b8b0559d9f83cd0f3b8acd610f2be03fc3f91a5
91e02d6e0ef39f63d1cb75223dff0244c8f0b99d	edd79955c7cc888ba08d0d940dd9ed6ade2c7973
de9d992eeadf756e52a9862c488ba67dd499d3d5	3b334b0ec61eab49d79fde22660a7aaa3d9d34bc
e3f6bba114f3dfcd5cd93667cfacb9a16a401e6e	6c8f877b7fe972abeb388534674fc8fb5098cb48
35a704b9c1a179d0283a65cb7673a757f177233a	8f9d185d76c165bb198552e9d9e8512a25a03f3a
a228dbaced10a5bee4b55ac09e3464ec7daec1df	54d7bf628ca4655762fd4236d3deec85a98631e5
0cbc742ad918d4ce696aca584c401b40a45b38d4	9fcc5afd465a2b4d71e1d0c1f01cfa04ecd83e5e
9003747dffd7d5008839dd9aa59b06dbc88bc3be	7dc8173aa53adeeea368fad8effd890d872b6b58
5477149cd8d0d61431bfa56181ed349a735442c4	faa4ed498aa63abc961bfa0bd80d4c1f7a45ca6a
c789943341371f5dad0d869ddd8152612e4df817	b97f9ffd0efb9f5d2f61ca1fbb13014166dce66c
9a341798c95075576faf5ecdd3264f3663d2a211	5dacabdfef15544dd4642c25f1f5bfc49a74c1c9
8853ba2888bc11e3181caec26e9466a67a28fe79	7bea81618e9c64352d1eca85751ee38c221c3d04
dbc77fef763fb936417c328fd85c9e647488a357	e8d0cfa3932c3aec3d2c223595908ead0ffab9ca
ccc61d377cd7c2d8cc134aaf9ed5979a38f33b35	381494b94a1358d5a28a9a149dc365393c294996
c731be227463db63f809d6b7a93e28728b65e521	32f0b4bdc7a403d990c0c2f080304579ee27a866
93d5aaa13f6ad257a8409fb3eff6d0b2288d699c	1d01d5d1be0344962c4c1680a765acf57739b157
99cd29f48c06da7afdbee237500c21132c2de5ad	3deb468c665613065689f4f5b610aa9d1f7786f0
82fc836e2ab07202314dc2efa03a4462065f70f2	11a0b2e6d3b55771753776caa5461ae1d77c2cae
3fe462751ec0b3a0e9139cb69f09928b80af50f5	2dfccddb98bccfa41439eb7b7792b123ced7cfdd
16d503c6b3bfc219b3ead0f60e10381ff840f833	471cdc00a441bfcf693f8ff43d72a5643fae50e4
8c02c7301368a5db6880ee2dbee9f62b490dde73	6d10cf0a14b09d3d49294e034876a121e9fa3b5d
dbc6855cf882328f104d46ef1a0951d494883553	a74a892cfde90e2d6d739706989b8f5182beb379
1a5eb09f7f3d9fede450970cbdc727acde13fead	51e709388575b1e4a338b83886b3aeba97a607ba
21ca57d289f6f1c1ca7b6581db57650cd098c14d	530f62b1269c5ebb6c4d37ed85e10073635f1169
5589260b6bf9abcaec299c3a71ec68fe4bfdc943	2424cc9ee4e339178c599c7b79a896e5aaa6527d
35da312cf5c20f082cf5d3ab23e56547820ae0c2	cfdea81a6243927c037613dc09e4334f103cda5a
c6a26186dc0a9a8449f4cc4874b8e8f5ce270a20	8a5646d1e604f145574f2aaa70aef4925e52748c
59cddb34577dacb823317603111db45f9a70e3a5	18539bc09e3cdebb531466e9b8bbfea292e7e536
c1e626e507fbfea1775c932e7e014590e5db3556	617b169d7cfc8100b0c8150bdb1c52a598429dc2
2bdf2b804873b00f8f63fb6d54b44d6437f2b064	f876f96a46060ccca70cfe22de915f5d1ea39a97
814b42056a8fa713adc9ec067af653093bebce71	334e29a36fabcc6c4153e2a023b8e3b43cf17e41
3f97869248dc375076277a01fcff2335e6d6948c	f0c877913212da220c9e1628e0aa5cc1fe9a8bee
eecf9cb3f6dbfa5a907dcf9fd90c9171841d139c	c72e288f0083f759786b71c051dc204590a57e9b
5603358aa41bccf7b6947b5fd5385528761ffc97	d6f33c88243550ea534658d2ac60a91a69093130
6aa9b02aa1c87af57e4c38326359f759aa92d3f1	6301f9315ccf8be5bd626f6e7d39704f3b0f2f10
018427c96290eb2f93c3d7fac8e0588b41a55c64	98849d84a8468553e610e50eccb4ea6080d7c501
6c84c5b558698dac4eac9e8c0a1b33921f8a5a23	ba38fdaba0fb1721ff78120e39c8e9b156bf3242
c64efe4ae9d148043c3f3eb43892261e6c482d75	66157d0efe0bc0601caff1f626d3dcbd9757f326
a6e7454c73c2338c0168a1d62b68d5889696f7cb	6b38de65dd17e2092c66c5cc675f0c5dcdf6a35f
3f71ea49ea4e415e68b0d392faa10756d8e0a8d9	d2971f3a32f437f16702d28fc782efa844a53768
e0d86836747b4bbe2ad85946c3733200d3163c67	4a8a5830e00c727d1944b69950d029e3ac30b9f2
9f09d47cf12f374ae08a7953e238cf77cb785c61	cc816ac73bbea26da4c2fbf45c4f6b01727d500b
ac70d0707a6268a5e1ff4f5be1a99cbdb371ce0a	7aed31121ddf7d78b876613277d250051cca0626
4437f83cf0c3385419452267bf7119bf55473abf	05068bd6e552316ea21f80de70442b2b53323c1b
787fea9f46360ceaba343ba4b7c84913675e6e16	e8f607433b61bca4759588d7d8305646155a6b81
59ba937dc14a626786c9845409327907f314cccc	705f339302f39421aa35ef2789200a32ec977bda
e4221970b36ddfad3b3e6af1cf80b333e18fe94a	7f412da76353249a1efa63a02d4e7424ac82e918
12e2d939e9ceaddf08968b1006637d70e640fa07	7004c1131bef0aab174a7315f33d7feb3cecfecd
645d07d8f38d9440134da39014e5fd02a39c7e9c	ce4eaa926f264fc65052180ced1b63db7dd85f58
731396a6f394ee93be03d4e0ff73c8e333333ec4	4f94b8763b5b456196b7c12294f411095a8376ee
dd53379287700ad0feff9899a8dcad6431154f78	089757c9317be09246c0f3d3bb5f77617c228861
1845f251a32b84c78026c28900cd07ca455bc928	e41c753b738e9b25602f9c608ef18d9f0325b08e
d02c3c25226ed267d38c3958ef7b1d1bee2bcb2a	434958addf68face9ede18442eedcc589b37ef37
c3a5927ee3ed48214b1160c463ac3b20cab4adef	1a8ca4682535776107b3ee66847df58bf85b7af6
d80e7067f9bf14b686f8c166c3b9f0870b054aad	fd16c2a17e55c4bc5b669d066cf0607dc8a25ce0
169f9d1d95f55ef162871ef99980c894f2ea145c	633d6d665f42860bcb638e1eb31dca0ab63c66ec
fac65f55a062199b9c3636a2d49ce5b06bcd35c3	a92607320fc373b9fc33e65d8c288d5cc6673040
18f1bc504754e122a518f7f4bb19a88c8a75810f	e58785ec123a8b11c15fc4d624da3de50c99ad18
97f8d439b8b030182bc27a86508ae3b85fbe67ec	d1285e23cd9ef364608ffb3f07a7e9657a9178f1
00d698b8adfc9bf88e9b03511bd95c1141caf40c	66010d35c89b426b1e465d24d6e010aed2d6d9c0
ec657b5fcba9f3673afe25566e0c4fe9861e17c6	7e4d303fbf7c98058c95bc5dbb9e216d632da400
2c91e2c2b39dc4323ec0d01ad8f94b3ae3f7e387	cb41ce4528a876c1f85892ad754a25233af8e53c
2c791046c224fff792383daf30f31f277136285d	d568481e54702ed9d8fe210cf1f9e98031e023db
7b76365a0648fd82e9a54536d99bfe5cfcc267b5	e6a217d326222547fa2589008f25f31f05cefa37
3da368d257ba348fb1f4c16b49df6718f47030c6	b9adada519a61f6e0455d071a0e24db41895cb20
fbccf8401cd185fb13224cc800592da8a9f9e058	9b4437bfc76637fcb93a2e9bdff96a716d381321
956b50a4ae3ed20ed9906d8c96164740271ac49c	47a6913f67de28b1fd7117e263ffc365ed0caf09
7cf8a6f0f7a0104c9d60f085351c534a0079d101	1e664872ff151e994cc47c4acf5bc14867368445
5ee1d625e2658c7af8a28db8705ee96451198977	a50f5a6b335073bed55d49aef814ea6a1a7542cb
88b90341c1aaf22f25c29cc624a578311ab8491e	15df81bd23d4d0c41e7ba05004a09b5a4c4904a3
25e6706d38fb3be9090b602b94d94c1790d9c71e	6f3f9b0d634c9fa3fbb264cdab357d7373c943b4
7b8c0dbd93f06532001a69b9ec72254442f2455c	cd4aca694bf5dda5708299e58d40ca75309a69a4
7c2b79f5f7ed7cdfbb17e2288f1d78cbd35971c4	6bf4505227ad3edd341d34731ace737153f17ed7
7e11de253f9375346ea1ced547b9cae9e2f2650e	b1e72251c36bc4ad32a063bd58980b214c1b6073
a2e8def76b67d4607c6a51371a97fa75b5f736f5	c2974aa873dd1da7252a9bdf8ce27287e4532792
7701635e5992fb2cbd8b10c4741264d57d35ba05	aaa7e47415c9d7ad0adb1145eb5df0cce71c999c
bcdf07039014392e31e7a9ee9ce2604796ab5e33	c799e24cfc9113e2305f58644810ca0d423d291e
0a7273c8bf438aa556b0a475cb3eb391c3e77005	83a4b211599565dcebb2871532c2ad5107100161
e10604e1a39612fb1bca7de9338d8cc8d27950ef	76a34a3f9a20fc8fcfdeec44b316f69086262142
29f4915f4498928d9f3faa0ad7ebc8b7e789f049	97a1d1a5a669f2cf3a744c7276954aea1d25070e
cc207defb50bcde29ff3d9c62a394762324b239e	3951092d393bdde68b7d2b75b15ec0d60f3fd2bc
f48973b6a4481972b71212c6e8ebcd5388bb45fd	eb6b34881eb470ec17289209905a1a24c556db39
c828e8c60c1362b3729ea0569c59d5306c64df29	af9da8fb27996211fce7aaba7cae5792a3a04205
aac27d8cda39f223e572f61d689ce858bc643bc3	5f8fb9c4c6dd16fce45be7f4b675ebea59c6d3c2
129807448c52549dc6e67c06891a8bb70a9eb87f	8102879a03fcba57d83380df5a4ed84ed30f3f42
5c2abfb46d7ef93a5477181980cee4e34b327326	23a7e93288237c7adb3614caf8e4bc4e18b6a5b4
e100b259d01672e2f19e22eb454c2f5cc5f1a0df	7c562e2cdff467bf86e26c68c557f9b39e507852
5d35829c388fa78f71c9af8b78e03ab3fdb8babd	b4bc2dbed0972c43304b8cea566c603c188cbdb8
413783bb94b591295417b1ed8807caf15375d71c	e8a7c12905ebd9c5b26d02e07112d65d3ae0e7b3
0bb3edbf6f3367556b8ffc7b96918220ff4b19bd	239b7b759e5c37d3d0dfa913fb4639901435543d
2a3b3c6b71063b23bbeb057dae3271be47e21d24	939b0bd9d0fc1d9a1cdcbdbc4d16eec95ec11f7c
76c59b4bcc5459cc3944e9f344fbdd8de9c19287	1c0a526038bf17ff473fdb68f20b9d67ae01b74f
d3f4223d1b64b9661d9fb70159e88127ad03747e	7d0ee300ac78d1b72a29ccc110814c209558243a
4979b38bcbec1783ff3cd5fa234075041e209a58	8c05d6ac2ebbd8b9333b934f7e17ceb9383df90f
ae452f712dccc363449700451474542680d9b759	21ae9f22f120d8d35e257a79803cbaaec0cb08de
aa7caa27f9669e09fe6819a65052ce5b0ea0a2df	699cce9aa88f3ace0b2a08a22dc04478dfe914a7
dd9f70c85ff2c51389fa72fcffc1ff3d96aed94d	a5e83dfb9326adc48841f2a79189d9e693602239
fd872edd1bd1c30e433609f8b71ebcb0bd09c80f	d9df954b4410241b939d7a19adc5263a1432b236
2bbbd821bdc411cd0c2b402af970830810740eac	0c1f64a9c72ce36b35fac4bbd35f4d86723b2fa8
df61703b3054ccc9d020e2385b70d891994e5ca5	d6cfc24a3a9da7c94553ec3916b3adacf69b0aea
69f89b3da60f790ac873c586e6d1987eda6d2172	d8387bfeb278342e4db1453cf8174f195e24d827
94f2a3562b0ecdb180a35fb3d94324c931532d46	3bdec4e0b293dbb737c35deefbe53e23894f56a7
35c045ce2434cd355dd1cf50177b9f9da49b6956	72cdb99f9e8ee17ad10f2b7687675c1ddea9867c
d337b9b2ad5d6c6241841f546acbbadda7cf4db1	2bed149f2bfa75c70cec6d7784c844d6cd72b34c
909a51fd512f5e2840f631e38c390e45e3481fcc	457fbc767820b23935aa601fcefee0b7191614ba
862275f9d8de8d2a3789c871f1f2b3748e9480f1	84bdaa4b45bd5e8fd0d182a01419c959c28b53f7
5278c13bcd905a8a8b8a5433ffded9c176379ea0	efe746403baf7a7ff4f84a33dcb02468478f9106
b80e6e001ce4c73e2f00bd32d6cdf3cf7e4e7ee4	5801e222471f0057dff87fa8ae420ef3c480bed5
74eafd8c3e46c13bb8a8fb21693f48f7d2fc37cb	77ffa0cfa92a46327aff57c8918acd4835adcaa9
44f868b21a296f9b531f618916c3e2d783062d6d	48e60fa36528fa78b28cfeab6501c9f9f21ada8b
961ee543fdf30ba5ac9250aedee0b75536fb2011	62ff06f8bc36523e93505f64ac414d674d6196a3
a29ce5f9e30e55c18554aca1ebec2a2d32fbdaaa	a7ec35fe9b862e10c7698d4bf59f07e19d639f16
e44fd088443ecb6e6d359986805788faa6315cc6	45328efd46e884256266f6b7ebea4a23e98ce0a6
b9b54f2a89041704f6bb01aaa348d8a134aa3fe8	b3063d4f13bcb64150b77bc50464bb60b8f8f9c7
e9d5a755a6da108434beb9f373f50411a3cc7cf3	75919c5341b97da61426e3ac957ca28e70ccac03
ebbba30f25a4c81043788d1b087eb4c9967c7043	17b6ec4e5aee480d131f2be0a8e9b4d973eab559
3a91185a8f983f30761c85b0444d8572e2e82de2	86dc590b7dc102f371bd2925afca7862136de662
746a27fe279b606181a2f3e1f0963cf626ecd123	c74b5da6dbaeada212ee45b017f8181e2343a980
ef359ed3e8cd4038b8dd588c380acf1f2b3bdd54	1b6bdf12a9f22b7268005426ef02422de6eab907
7143ce49b700e15a5fd593019f49190795abb5e9	6d91e989cdadae9aea8776d895785a4c25cbe36d
22c715dd2e72fd4b708b06d933aefb8ea249cbb3	8d304549e07485114db078e442efea73bfb1bc8e
404ffc0b2b0f809f065c45bf538e7938c92be539	a17b7999b6bbd219385f0bd8307c54ab327ab9f5
2c8a8efb8bbcca443c735dbb6a41313dde62e80e	4c652ac25a08672bedd8a0a76d1a26b8c987c929
becce9a1994873baccc245444d5805ffff0ba43c	f1a841d69a1db8d6bdc52338d3ed268f93982d23
4f9e9483804fc8f17a9abc070d11eecbb625553b	52c6e91de8983de367f8a306325c7e60870817ea
307aadc71bd12b3bf309d83a4e6759503d4591b6	a73c98a59851cbdf3c714b19a9836ddafae55dd5
8640bb5056686a573b9d952a1ce92dd0bc7fddf2	c42ed41214417c8d71ac6aaddea52d7afaf75e5f
9d35b24f0c372b877bda0c376b8ce97ea1b03c12	f053f1fcb7dfec57108854995ac52077da059cac
7beb49a2a6747c6e276f1785adc0cb2115c777bf	8d8f78178478c83642a78c249be57fa2356d2d8f
3cfacb2226b93d3ddf796a0b8552442e483ebdac	cda7357f708eb529b8a48ae892d0c6030253a5c3
6ab041780c6706e4ac0c3b5db3277e6232cd4efb	fa9099bfbc9f65040551d0f2d5a6f607becfbc0c
f36f2c99c5a1bfd69bc367b44151547b29a09c80	49c2074361c53473b803692f2c0dea57820d6e78
a99419b9d463d58ff0732d50b4d382ef6460a6f1	1803a4609f50a60a6fd12b9d59ef1769e4ae1c15
66a56ddae4376dd8ce6f59f9004048c20b94bd87	51b2dd35be81633aa93ba085bf505bb92f2904dd
91e39c646457545fe5c8a77dbad88e1e5ce2a1b3	96620961b6d6faf0ed8ed6679c58b8369c74221f
5e6603dbf54e65566024e2e422020606b81c3329	6721c25b91dab0222a1f8e20178544afaf246393
5ff68fc04c393e710f3f17d2a1a64713a8f0346a	34b4c2de6c2a59163ec3003db6393f6776e9d375
76de49885a56594f7db45d92bb44e5abf7de4be9	6e88478cbcedab0e238324e42bb29bcce9e97e8c
7530387cddf1ec402e3d5cf323996954dc95cb1e	67f53ceae4d1a15bc2f8bef1420e7474ca143c21
9a05e45a5103634904884073a2200f0d84a799d2	a797e6c08cf85e5139ff63fd66439260241936ca
01fb521bb7ccdbe57d0177dc532bf1920831b6e8	9502ed3e1e5e05548a0095f8ef269621c6154d8d
194c9273462572417b81df05e44abe659e21042e	d860a60801cbf3c046e9657521d0a795837d6e72
56d90f1db871a8ddf3713b56eaecbf7582f1851e	dd0ced688f13ffcbcc5cceb06a2220b3e1e03140
8357e30e25272fd1fccceca073e63b5b2b28f3c9	867da2161dc5994ea89349aaa34501ba287eaac7
f60740a912ba0e14f6341d766eca66226e339ca7	cc3be486c5a3148b958f0778b7091334ee12d9a4
faf351497b90c919a39b2a4fe1643353ff0b0ce2	c45ad3514a71a360b52d6c1a6f171184aede626f
e01032fb92ba6121310f8d0d3c822efca0a6acfb	7b490d0c88f4b48f3101e6b09081865c5f0295a3
32d9debdbea17c677d1088064abe5ca787d3122c	5b2052692d74f8271dd9dff5dc5f27829e4fc251
b73ed8d2d06cc4f36a1137dc7dde4609f223863d	b8d02bf5c47d98494f6a109c6afba132687995a7
376c9ce458b0c2be613a3f4136c5aaf123188301	b8cc5189a32c423876e4655cfc9b7e3e790a5f1f
50d90a0d44d57c43b7b527057f33d4417afc908e	febd487bf5d66081e1acc7e3eb4366c2a8d2b124
78aec88e8b2c6ad347b444d0e27fbdddd221cdf5	2fb33da0d9a380f3af68ba71c1c6649bdabd94d4
79e2eea1fa8fc44ea3549b50699cc5065b301fe8	abddc475ac28e2e29954ede678d0ad9718c9b440
12cdf28217b898b986580dc92eeb6e8d966ee3a0	955aa7aa47738ea9053456804b8f8696cbc74f03
be780287ccc95363be315490a3bcb65e1ad9d899	10c9ca7a4d9848674faa5e6158ab85c676a7bf42
196485c3b99a890a1aa6b3fa1b5fa28146d4bece	e25d33ae5428a941b2e6791b77f322edf3907537
4599dacc30e4ab62d28c200348fad14f74d1530f	d24f044a5f8e84a7eaa3b6ac7ebaaed5abaa5a41
1a14e1c1ac1555d9f7be8a92d540d87fb11ffbec	fc19c6e04689034bd2430921e817439f35b8c3f2
36f753dd0e4824f39f0e3540d3a03203f19cb737	f25a6080042df94d950d5117cd18e9ac3381ff8b
075e4a64601f91e80e090af58c97e2ebac385903	9b25d3fff6c522fc5483a7e145be9355ec06dea4
e9c5a7455224e50787279f7323e1d7e867a86792	87b3f404fd3068f35379f87449049a266cc03d89
2a04f6e76c3defb6fc3b68dd4207eb98c6c9ad8f	330937d4b9ebdd92d535415e6f8f7d3caba1aa80
75a8259b43cadc42c59f6c7678a69536e3a30d65	cbebf14f783921b1490f462d0ebc26f057918b65
6760cb273d51370b602cad846aea9e085358d6de	cd7db0f3ef73b9c36f21885d2483400742c36ea3
47d0d543d0c9fc4e2f27c6a967533285047c135e	e91c5fbcdaf72131fd70aa3610eb4d1f5cc60c01
9e12fabb329c5eca16c5a51ec54964298a7be566	0ddc87171ed193bb33904b07d576f93698a4f785
de2a98746bb4d611d8f7cf54616af6c4db1568fb	1746ccbb41eab3292879e7a92e6ac5099a861d3d
70e4392ec7d34d97467ad9b37c900546975cd7b5	2f1d2f75e0d9bd28621897448f7bfe3ef9da93a4
6ef9592ba8b7de0d23f74248bf6f406c9cafa307	0a8b292e86ec87d32f2fefbf5b98b1e437bd1e64
e9c7c11797ba6fd9dc76753fe85018075c527c7e	66c03896cc50691175d2f4d8490137d8b010d2cf
6745a5c1ba417b3d6fd3e5403cea53c5e50da071	88edce90de9568240b6e2b4621d4677f00a4140a
b132b5e4a7c70769d9ae6d5a48d8fba76a9b0f1c	728901870742b7e6d23c36b9dd3a1c058cf8c349
51f4ee44933a636aa8368a2c12ffa5a691a4eb10	086d9b04f4fc08e70c9ac9ff3a44abe7d95b1256
2a459c37b949e484b82207fdc3bc877b7b99bf7a	2ca43601c33e5009468dbc8c8bb2117b5b5a5fb5
803205c97693bce704a9ef05022767332e5a7bf9	209397e9eac03b5b95c8fd4c767a10c1fee1b4c3
2b5f5f37fa5f8bd15e45cdd8debf56745b8cf825	92c12d63bfe358c380c0440641f99418555468f9
cf16e17ec3b01f968e60cdb26e08098e738eacc2	e1b1fed926203c6a9492260dc32d546173ff75c7
1de79e8bf4bc80c373834d188fc1cfad97b11046	9608b03f69de7e4b22564bee20484642f25192b9
46d763fc7cf111acff38406340e084e753dcde8d	693dafdab9e186cc0c830a25fc3e256c263eb0d2
8b7958eb0563e77ac784ff73f15a6483e006325a	e0160f15d4ff7f690388a64db92630fb8a27188a
fd62cbed3d66621b5dc36e56b6ece3bbff26c5fc	d4a03d1d50a032cdc7cca05ba031516e091641ef
637062edee96db77f7d48ef598307034a6ae0b4f	8a60cb560d5bf53ff5149ca03c0f0a7fb7ac956a
e0ef3d8157d46125928aac17ad737e604b5d4bd3	cc60f4ce1a27f78907f1d8ffd9d6d1157b2fff6a
550f581401732dd0c0c6eac7e13dbbd7e9bad99c	1a375acd45e6cc4844369ef9bf09ce0106a02015
20934d0322242cae96c4d70909550f7ebe41adc9	426dddec26de82829e2e4c6768b1249ba79cdbc8
57ddc7a74c59dcb4f611c3e31c3b543eb7af513a	d63facd37efc1967842dffe00fd035c5b6949511
910ab0278fd6b3a4ce20e7df86f3265d3f3c913f	cac2312e8e434f35a9d9c24c597972c6e276cb4f
d523e0ffc164a5dde363a8641d9de15ae23ba1da	397a7c169b171db3b387eb0d37fba2869acc3523
d6b94dcabb6dd5aa738650cc5f23cb99625b4a45	9d5a00827c6b5b7eacbf44b066cc0ef6584b86df
7113fdf5acdd73ca83b5c2337b35d2ff890ec9ac	30820cfad3c435751996bc55aed639ce032c628b
c1f0be974af6fa15891cfc0338112ea3f1f2e4f6	77e58e46f704cedb8a7297b8b990d356edf24286
b22a1eec88393814c37bae46672cbe3f51796648	7b8f9726be9a0e85bd82e9ba384a11d90e0f0c43
f97b5ad47536fe180d9c8ce888136461c9fc5168	1b5af5badcf56f073914d6f933f146324b7c6bf8
eacb5bef4cedbe1b98bbc055bd7a22e72abdec3d	e22af1af1984fa8a198343afdbedf143840b7669
7cf15aa3c10b7e52ff3f7b513bea4f2c03ccd481	b2e2c07a5615a072a5e585d9a57c7ada028fb586
fe26e2b61857f116aac33a4b2c0b2ecc2a5b5cee	7c6036b48c7e6b4b323c2ce1fb5bdf7bd517d283
5516fee54605d3670cc05cce3e15ae88d513a293	7484a29c10a6e06374701b57fd12ad73ffc35038
87ac8c55bda63a23ab9482b457985c6e95379cd3	25ed0908aba30a30d39204544c83ff97b199eb3d
277d5d64d24153bcf13058f04aaa381446bd6453	0dc5b5072f81dcac452365cae31ef6db27aadb84
9fdb703484fcb294556418ca5321e450fae54e76	8edbdc929cec9721b106afffb7bbfe7608881ffd
8a29c06e33502d457a65beec9baa27dd83acdf12	c1025f500203c228667e78fd3a589bb588b9bd91
05a40e914a7e98b841ae5b5ad74f397e73768ef0	3c6aaebb2e245dc07373fb108794a0f6f79c5a07
e368688445d9eff78d94728836c912c163229d5f	3661d3ab9bbf7daedf7ea43af2d66387fd389f88
bfa0449236651d3354f9f100679855edb8c4c007	9862576fc173d99bbc82b6313977030536a0bf2d
3440027730e1ff50ef35b9ba57166afb048ec5dd	e76608a64a026f5a8a051f28e8c793f2f58a2a92
d363678b63f669e3792de5d3b7b0c9dacc5c104d	389fa6490f7f4f11b0c1743e2a07f7b2a0bcaeaf
9df7e343b2c187670aea9046462ca5d7e1b311d9	8df53bd13ea46b4a3473b98ae3729fecd713e5f3
ddbb467c6a493da244b83136c2ce2d5200dc31c1	9e88d3d973e6f156d3598ea149a088c84175cb8c
77ddfcaf2e77626c807b73f9b971104e8d17d68d	7beb0060707e01d589697597c04d3d4072a0b0b3
900a03eb4d7d2fd02622c79ef6f54f12e1397573	2debaea3ae1219941204145917000c0cd68984a6
33ad4b477a6cb0bd900435cad7aeeb56e3be497c	4d0fb5af9a0cd1a195b528a80a5c196e11a2bc1c
b86f15d01e94a3170b886977e9787e564dbd4652	900a8ec674dbfac868b97345a2c3644c1328cae3
562f5b66b9830838354970f32b9d25883c9b3114	91bf2298d0be620de4413713dd9b0a7d26c1410b
3cfe5afac6010f879c0899953a96badea2d884fc	b2fb6d97bb3664997a33ebd9f86ffb03e8085551
36a0d36c99aa19c86c5ecbbbbe51649f0b667e73	599da5f8acf712b4ad7a84cb3c31fcdc16763575
51fd7a6414be5bef6621c8f8b93dc36cff0faced	375b56accf88cb05cc86aeeeead878b3b5aa22ab
34c15ab4a1114d5430ad29a951287138b80dc373	31ba9bb4f17ccc2749fd0168e821a49adc6c7a14
38671f019bc4345465cba9196ba65d256c368e3b	2c1455e8e0dd04e346f57a267468262c9bc4851a
25c36f39b3c9f78907773df9bec5573cffedd80b	d4bd48f7ccbdd3b52069a068239d87209d0687d6
2f37a580fe8da0319dbd5cba03114285d58e7bfb	02b0b4b4d3ad669e226b7760e2fc004d3a8e542c
b07942882b4898b303a5105c78a2a913740eb1bb	959ae2c6af815c86f93c4c35bfa1825a127f1668
8ec67bdd67f659d3561d195fbb694377579d62c1	1130deecf6d53d48ea5bad695029b9916f7b8dcb
28bd4b41ce94ed671d9f2d42c4a3501ca0f5d657	474ef16b83b6392fae30f473f3be69ae1a73ee46
2b2492723757931cb3f6d11b14e1501a432f7224	dc209ba23e423aa015fef64fca18a3aea20f12ac
c27c70d09f90f45b7ac3b0942a4d9808d04ff5fc	0dcb47313a03ca6da0a36fbcbdb3458eb496c83e
598410b16ffc387e243be399cb9aac7ed6e4d380	bcf9c8c04d1bb839519b01b3edba496cda093ee6
a484cd43a631532c8dbf163fa062572b4306a473	0cfbc6e0e5b1f61cc8a7e81a55fa0458120f37bc
a771575abad877f2308b7d3910dda062b483f900	00726308bde2fad4d8ceb8446054df2f02360624
82a3cf1551292c43007c245e016ce281c0a0f159	1d7d9ebb5858426b7072554251d54c90b06e587d
d52061077da854a2483a703df86657dbd33223fe	f9396792a54c1d10e52cf3cebe568647949569f0
77b9c7ae5a0ac7c76af81dfde9a782934bc5bcbe	97bb5b478804699b2e32120425f2902c125d858c
f395d2662fe68d59c00c92c2730ac885c0773c62	568d92aba1327c91646e08d37e2edaf08d7b4e23
d1a35dbb75d09b9fdc295746c0ef025a09308c26	ea576103d9ba3f8c5a4559e3182255653e9051aa
0bca0fd7118ba00bd0dfcbe8f1f0c4f25e321224	0f0d9806630267fd216bf482bf5d196e6d13800b
528c0ca1cfa822929b72419517693f0529de73c6	5c04094a110cacfacfd2551d362989524202cacd
0fb5d4d1196c19911363a1dae2ef0ac189b27082	4a3f8e8f414e89bd68efbd1c011305c8530283ef
572fe00983de0a6c36e2acf9a23b3eeb20f9d32a	7b39904a4bd2603a928bd4f3d5b11958a3dd5855
cd7aba4ad9a361336a95dd0874c4f54d5e050a8d	eedc115799ec583d0714f7e4b242c08d792fab3f
32eba5bc589492e860ab03620c1f625c4243d4b3	ade0b473b2fa94ba0841dacdd4d91b5b32b77b4c
a43031ade60a5b95d07edfbacba11b7e0741c7eb	6dfd314bb672b8d55e8c192178696f6f1003815f
5dacbe79e015a290ea0de8999a5757ea4305165b	80d95a587b179d790f4b247ea5d1a205c0c19f60
1ac15336c419f2cfde226155e544fdef26fc0c04	3c185ad52758ccd306d8d3e537e9a700f555f94a
74fd20466195904369de5a0e6820a13743af296d	ac89ba4fc284c97cbd491f34cc01c6c6e420eb16
00cf9d99610985aa2f2c2e92eac5fe517a83b664	ed61e451d50bc546582c8784a29f0b2298bbdfc5
1d4dbf83966f806ebf19ef4514b0b766e020f4ef	fc3eb877942618bab9f82423b2e481b18c34aca0
889f152820849cd6cacbb36056e0150e27cbcb1f	f65287c208ca4b7077a8bb6c2cfa6639592730b0
e3e5574e774e4c5a4e62a9e64afd70f244cca7a9	6e065d4fc15fd3a8575d016e42d45d935ae9f1da
e1a5308594fd333248b98a0c40bb581377809300	902fd686d52c4e7f2d7712bb372fbaa28242223b
7d16028a9c1694d6ea028fee295b300f39f87a26	2e26b695fa2ce105f1c1c7518733ce9ab5bf6b7b
b77452caa454333fd8caae8b34d0372dbd83486a	1d3705a63b695ca065fa6e0e0ec5f5d138520fa4
1b3baf625bfbf7e8a69a20e95706934418c15166	e18f8f65557a5314ab3c483567873e76dee7805e
59ab47f6cd09b7d4a90c470e5fc80ccd7ab78bd1	d6bb868ea11e8f2444f83b503105580c7d6fb751
6fe2afda8556237f601605ae1ac79a9b96463796	a550576a7d506100a323eef4c887fc2971984af4
2d0e8708a02b9647c874e4d5db457c333353e608	5848bef265b838fd57a27d09dcb6dc305eecf548
d403adc526402b4d7c9a259daca6c6e63a43b5f0	4227f3e53c5511936130580d6eb5b0212db3b18a
587fb64975b63e6f2b4b172240407f7d389094c2	d67870923e8421f9f762ccdcf043b24e9fb8e24f
a8132cd6038012ba2880960c0f6008adc21be20a	670e225358bf8e9b7a9b6ddf64526a2a89872566
5842c5e6421ca298cde01f1ed46a1f44a8f5498a	27f9d05a12c543eaf38b14c9463575d107f0b1b9
95f5b9b31f3e3ca31a7a9ca9f3e78ecaeed18412	9cce010d0bcf10d016f2bb24ee1c6d3c49d4fd5a
97849e8353c0ac8ebdbd1e19da53eae20e2ab01d	e3c82cd200dccb9b5b695267888cf2b7bc208b5d
25e03d9017f04deb466b41fc80e93f1ebbd4f57f	09533da7a00b664ffad8450dcd05a1a9b28d9c47
4c70f7411cbe41704ac4d7d03b0773ca8939797a	c24266fc54f66f29d067f4f74704445b6468dae4
1c7ba09acd29472c472e5cf428d3868cba80f1fd	57189af9a983b8e6d97f168b7f45f83bd445fcda
a1c3eca111fb8838754cb2d932e294aec97746a4	82bdbaf5b6e3db5dc2800c48908cc6426c8cc2bf
f5c329c94683c50045f0f8f42835fdc16865b5f2	b2209a3880fef552ec612e7cd747a71b46c9beef
140410cf0f575074178f83b1dec97a98beb6a4f4	7d3010b57c739466e422158cac38e53161454f10
d16f8e1089b07304e1f8ef01116504e5c5105b35	05dca9ae7c6817fad1f053b8f350fee10a96bc49
fb0ca8956ff89e3458e3795858db72784d2c2657	ff4441241b06f4c943996bb4f2a4fcadf61b464d
854cb09d338ed007978cd1ea1c7270ea548928f5	c1990bf87e4d69959ee3fc10796aa06bace98094
8717a187beae5e83f4f0df0e794d2ae59d12376c	fb0e0b374b2d737cdc9881c5a605995406b24559
372a663bb6732c087a3ced07d2c8206be636d923	610392557e41e7b863758128bcbe4993860b771a
1977f0f4bfa97eb2206a018df66f04cb160817d1	5b389d58df2e544ff5961145a721aad0c26b938a
c2788d540b1cf05fc949d37a014a16a8034d0d3e	30852061697dde333f88b1b510c537889e03a332
022177bc3cd9639b6c9bcbc1f8a83aba6404678b	f721d5535fd369433a570397e7722d69e37d193e
5753718a49d250815ff6139418cc468af752e728	1700f432bce023b82979b1f51365efbe08e4ac73
8a983d2db7fc8de46decb449e5ff85d91fc240f1	e562b1d4c1217d4844363a8a1a37ee6adf59d835
6eddc67ff4bd32da090b7f21857d9c5ed80287dc	d7f7a0db9348130eece04cdd26d6b96c0915166f
a36cdffaf9dd66f4e0f314dfbc5d4c67bea397a0	f4871f47faf5289e6a0cf75a39b87c6dba14ce97
971addbb68061c04f7331d1f071a081a7b07a9e7	6b2936a8a4d4c06258501dfd068cf04ec51b05c2
a34c6761bdd92edcfa860edbe7c7d0c7ca943785	ce5a5c7a380f86848cc398372e61c314c7ac9eff
c4314c2416087ddabed0442ada4f9c7fbc4ada8e	37bfbfee1c7117b589ef3efc020cdce27a009e52
a6d0ae106df22c2f3a3f5a9df7844989c08316b7	b980c624762cabc630fd8f6970ae03ee17128c4e
848ec22a50f0a7cd0a135e2091486a73d098df1b	4f5082ae0cd31f24c22281fdb0941c5466440bd7
fc492447bb2c4033a3ac9a95a293a906f55cad3a	fa01944b59955ff24ce9be8e27413ef50f3e83f4
dad80ca7f0781de5221f5b975885487f459878eb	ecddd561450d84dc375443298c1ae6c6aced6680
f5f0fa3120327155ef603942c2c48d0d1f3808dc	d5ac820d7a957481607a16d4886463a143a97ccc
f70e8021bfbb8e16e6cf6d21d2494134d4165837	8851d43aa8a49b7204dc11838bf3a8fa83d42626
c129308c085d8cdca3ef62df984f1c9a38b58ff4	e5d6302e9b2d50079652300d364e78e56701d290
32435e797a2ceed96ea17d2cec7df0d56cf8a8c1	7f06e6cbc1170f2923ab4d9e90b45a0c43ad8fb2
aa0e38e396d8ae03ef2da63ff75106941d9b7527	f7dc61600ac783438ef0f7d69918d400352c699d
6af9615beabf5c382041171212d7dbac86d2a06e	efe4a4c7e18db8ded5bf738ee69bc561fb9dcad5
5e4be81007519c7e98caa508b3a864da85a76a33	6081fb1969c7c581ba8151d337858dc4f9bb6ab1
4cf8b4ba9eb3d564a406ad6383a5aa2f197620f2	087dd7c3ddaf829c0f422d7b408a0e8dcc9ee005
40610443a82827c2670a6d1e4f494050b752a285	3e69093b3a1ff2e0ee3b400775ca45c192e6855e
b2c2e2508b5c0e11c1431926e72da180f96d773b	0bf39d32c99803ed5c30c2f461e857381a801ca5
e67840dfcb8d52f3342ec18dbc7ca16c8354b823	a5f708ce3d88275e5e4d7da670ebe29b07614887
39295688ea55dc1e82237223175e08fb89814172	16f804518ba316bbf0dce53e324d0046d3cc4896
6b83efd7e5afff005b5acf2a826cc9ae6a668a6b	d9eb9d9feb025453dd30a0f90acef97d72f05858
e869bcb2af9d9c88f9fb3cb80cc8f9e804575ad1	c9da10597484ce1108db2c4375f6905d9656fdcd
2bee29f18ee389b50636a135b7523be4a22418f1	b593d8fa9b13a93968836662ee4d8b92f1514c7f
7cee0091c801738bac0e840e14ae5025cfa135e6	cfb8c163f910de53e9cf8f05b0364b9e3a87ea5f
6270a45d632c8650a2358be04c89ea2a3a84f30e	72332ac4ef22df6fc14ee5ed318640e585d1d6bc
c31c3c638b13d6eee9ed395bece13fc4439f4104	2ffee2671f7d1e50dea28f1d8e4e827249dab011
d110bb29d3457f0dca88a56fe32f98c4590e7718	77243a22e47ae434c67d60516c05a2db8034e239
58a12614b93852cbe39b9126bc6743ca7bf2352c	5430c834e79180d176f4f93bbb84b61dc29fc4fc
c6a672fce937208fe12bd16210a8b795c061dc93	eb8ac221807f3d9a0f411a65ebd36ca21746e0b8
fb63f28cb31c7c3cb99a03cbfd3820dee05d082a	31962a9d46e4d56848910375c6bd9700fc0f9ad7
13c6ab8a4472291036fbb3e7f6fb86c22364e31b	d50df24235f07c8262b27ccf755af35a4357cdbc
a1bbf6db1606708953d280f7a26cdd9382a274e6	1d99ed03214bf05d2a0846f24aa64967a45c2a79
c08419d2cfd789cb64b3a7a82a1c090d5dbcaa9f	2b88b68fd9acb8e41e5243f760fd822258772e28
4bc8371efeb6e4deacfb721d58977f7de88bba6f	92f5ef684f907d4f5eb6e2f7d4f2de9176ab47c2
d9910b1ac21b118f32eee66b1a1c21e61d84d342	49434203d666a9b7a2980d985bd7a035d6f851ca
93b15f3feebe9c97b2c92e544f936210b70b0a22	8be7f17884cd59cc99e153f0bd084bf858a4cba8
e499458f8f050e0f5d5ffacd8c3297a29168df37	786e8f22e6c7672121b57a45fe5697635ea75ed0
fd7b4b9e26653ed60c993bb5148126b9edf1a7cf	27847b427999aaf9a114382643074610f6f32505
1d66e1cdb3480d2c4a63c2f3a46cb6b81c824677	a367edd5f607cc28b350d153229eca01f857ae26
f023cab2bd7570a852fab587b56f4386297a1981	109aeed868e36c70281e8176d19ab331bd99c243
d7ce4af5b39cbf54cb9efb60670ae4bc24282b72	6c932c0bb3770fa1b0378b1fb7d73891231b0940
2facda542785dd226ee36cc60edcdeeed88cc399	650e6948e3fececd0e078c86a82687152aa8853d
8952a299517c02cc67a6d1018199e7a049d9632a	602f0c57dba14126bc9a1fbe76d07de8012e4058
ecf903cfc02728b1958c63b6ef09d28185758ef5	267229da8bbc56f49fb5f7d6525de7ada906e6d8
81a66d8426f280e86aa6c8cebbd025cced4a7fd9	c384ca51d4337f22d114025685bf5484e1a2d3bb
3814ce208fc9240bafc710e3c705a4f5b4ad5ab2	91db2798de3a45792b5ad7757daf16432604bdb4
7221fa58492b1a8c041a4c33934bc67ef4cb5fac	157f1e1607aedf36b267ab74fd6cade4f38ab8c5
f699b12aea7bc580452df677ea2364dbfb37a64e	cf1dffea29cc4ce4b9ddfd5749848f4f2ad64473
fa3503a12d7e99b3c681196eec2625fd8fe2ba0d	bd64fe887ef31670c1c53e7e782b11230985dbdb
0f3ef3adfd00ffc97c70082008626d994a157fc3	0744a58f4968e6f770457a310736db19d487e6a6
c847479023de3e5ea2efd25a675a4e82e7d4cd73	5a89ad0e7d99b6c3e40c37553fb8eedbefa459a4
7fd8e58f8e2e722ecec26c511ce94b6b3b0857ae	27632615f4e7a3bc1612bf5c2f7024384977eb01
b3f67d8705424261838486de1a084bf6ef8a1ed8	74628ddd0c4b6776404388e2dff751e550dc8a3d
20db15ba8e46a53b83467faa002481b27bbc5bcf	c1e423aa06b33c85291c7ad8e40cd8eb4b4dcf48
